Track,Feature,Value
"Something Just Like This",Danceability,0.617
"Feels (feat. Pharrell Williams, Katy Perry & Big Sean)",Danceability,0.893
"lovely (with Khalid)",Danceability,0.351
"Eastside (with Halsey & Khalid)",Danceability,0.632
"Cold Heart - PNAU Remix",Danceability,0.795
"El Ultimo Adiós - Varios Artistas Version",Danceability,0.276
"El Ultimo Adiós - Varios Artistas Version",Danceability,0.276
"El Ultimo Adiós - Varios Artistas Version",Danceability,0.276
"El Ultimo Adiós - Varios Artistas Version",Danceability,0.276
"The Middle",Danceability,0.753
Unforgettable,Danceability,0.349
"El Ultimo Adiós - Varios Artistas Version",Danceability,0.276
"El Ultimo Adiós - Varios Artistas Version",Danceability,0.276
"El Ultimo Adiós - Varios Artistas Version",Danceability,0.276
"El Ultimo Adiós - Varios Artistas Version",Danceability,0.276
"El Ultimo Adiós - Varios Artistas Version",Danceability,0.276
"El Ultimo Adiós - Varios Artistas Version",Danceability,0.276
"El Ultimo Adiós - Varios Artistas Version",Danceability,0.276
"El Ultimo Adiós - Varios Artistas Version",Danceability,0.276
"El Ultimo Adiós - Varios Artistas Version",Danceability,0.276
"El Ultimo Adiós - Varios Artistas Version",Danceability,0.276
"El Ultimo Adiós - Varios Artistas Version",Danceability,0.276
"El Ultimo Adiós - Varios Artistas Version",Danceability,0.276
"El Ultimo Adiós - Varios Artistas Version",Danceability,0.276
Closer,Danceability,0.547
"El Ultimo Adiós - Varios Artistas Version",Danceability,0.276
"El Ultimo Adiós - Varios Artistas Version",Danceability,0.276
"El Ultimo Adiós - Varios Artistas Version",Danceability,0.276
"El Ultimo Adiós - Varios Artistas Version",Danceability,0.276
Unforgettable,Danceability,0.286
"El Ultimo Adiós - Varios Artistas Version",Danceability,0.276
"El Ultimo Adiós - Varios Artistas Version",Danceability,0.276
"The Middle",Danceability,0.643
"El Ultimo Adiós - Varios Artistas Version",Danceability,0.276
"Cold Heart - PNAU Remix",Danceability,0.795
"The Middle",Danceability,0.753
Closer,Danceability,0.398
"The Middle",Danceability,0.753
"Can't Hold Us (feat. Ray Dalton)",Danceability,0.633
Closer,Danceability,0.711
Happier,Danceability,0.522
"One Kiss (with Dua Lipa)",Danceability,0.791
"Feels (feat. Pharrell Williams, Katy Perry & Big Sean)",Danceability,0.893
Unforgettable,Danceability,0.726
"Feels (feat. Pharrell Williams, Katy Perry & Big Sean)",Danceability,0.893
"Feels (feat. Pharrell Williams, Katy Perry & Big Sean)",Danceability,0.893
"Eastside (with Halsey & Khalid)",Danceability,0.632
Shallow,Danceability,0.572
"Lean On",Danceability,0.723
"Can't Hold Us (feat. Ray Dalton)",Danceability,0.633
"Enemy (with JID) - from the series Arcane League of Legends",Danceability,0.728
"STAY (with Justin Bieber)",Danceability,0.591
"Peaches (feat. Daniel Caesar & Giveon)",Danceability,0.677
Shallow,Danceability,0.572
"Can't Hold Us (feat. Ray Dalton)",Danceability,0.633
"Lean On",Danceability,0.723
Happier,Danceability,0.687
Closer,Danceability,0.748
"Eastside (with Halsey & Khalid)",Danceability,0.632
"Something Just Like This",Danceability,0.617
Closer,Danceability,0.748
Unforgettable,Danceability,0.661
"Lean On",Danceability,0.723
"Peaches (feat. Daniel Caesar & Giveon)",Danceability,0.677
"Roses - Imanbek Remix",Danceability,0.769
Señorita,Danceability,0.759
"Enemy (with JID) - from the series Arcane League of Legends",Danceability,0.728
"Sunflower - Spider-Man: Into the Spider-Verse",Danceability,0.755
Unforgettable,Danceability,0.726
"Sunflower - Spider-Man: Into the Spider-Verse",Danceability,0.755
"One Kiss (with Dua Lipa)",Danceability,0.791
"Cold Heart - PNAU Remix",Danceability,0.795
Happier,Danceability,0.687
Señorita,Danceability,0.759
"Enemy (with JID) - from the series Arcane League of Legends",Danceability,0.728
"Roses - Imanbek Remix",Danceability,0.769
"lovely (with Khalid)",Danceability,0.351
happier,Danceability,0.395
"STAY (with Justin Bieber)",Danceability,0.591
"Peaches (feat. Daniel Caesar & Giveon)",Danceability,0.677
"Enemy (with JID) - from the series Arcane League of Legends",Danceability,0.728
"Something Just Like This",Energy,0.635
"Feels (feat. Pharrell Williams, Katy Perry & Big Sean)",Energy,0.745
"lovely (with Khalid)",Energy,0.296
"Eastside (with Halsey & Khalid)",Energy,0.686
"Cold Heart - PNAU Remix",Energy,0.8
"El Ultimo Adiós - Varios Artistas Version",Energy,0.572
"El Ultimo Adiós - Varios Artistas Version",Energy,0.572
"El Ultimo Adiós - Varios Artistas Version",Energy,0.572
"El Ultimo Adiós - Varios Artistas Version",Energy,0.572
"The Middle",Energy,0.657
Unforgettable,Energy,0.182
"El Ultimo Adiós - Varios Artistas Version",Energy,0.572
"El Ultimo Adiós - Varios Artistas Version",Energy,0.572
"El Ultimo Adiós - Varios Artistas Version",Energy,0.572
"El Ultimo Adiós - Varios Artistas Version",Energy,0.572
"El Ultimo Adiós - Varios Artistas Version",Energy,0.572
"El Ultimo Adiós - Varios Artistas Version",Energy,0.572
"El Ultimo Adiós - Varios Artistas Version",Energy,0.572
"El Ultimo Adiós - Varios Artistas Version",Energy,0.572
"El Ultimo Adiós - Varios Artistas Version",Energy,0.572
"El Ultimo Adiós - Varios Artistas Version",Energy,0.572
"El Ultimo Adiós - Varios Artistas Version",Energy,0.572
"El Ultimo Adiós - Varios Artistas Version",Energy,0.572
"El Ultimo Adiós - Varios Artistas Version",Energy,0.572
Closer,Energy,0.714
"El Ultimo Adiós - Varios Artistas Version",Energy,0.572
"El Ultimo Adiós - Varios Artistas Version",Energy,0.572
"El Ultimo Adiós - Varios Artistas Version",Energy,0.572
"El Ultimo Adiós - Varios Artistas Version",Energy,0.572
Unforgettable,Energy,0.288
"El Ultimo Adiós - Varios Artistas Version",Energy,0.572
"El Ultimo Adiós - Varios Artistas Version",Energy,0.572
"The Middle",Energy,0.849
"El Ultimo Adiós - Varios Artistas Version",Energy,0.572
"Cold Heart - PNAU Remix",Energy,0.8
"The Middle",Energy,0.657
Closer,Energy,0.768
"The Middle",Energy,0.657
"Can't Hold Us (feat. Ray Dalton)",Energy,0.927
Closer,Energy,0.753
Happier,Energy,0.385
"One Kiss (with Dua Lipa)",Energy,0.862
"Feels (feat. Pharrell Williams, Katy Perry & Big Sean)",Energy,0.745
Unforgettable,Energy,0.769
"Feels (feat. Pharrell Williams, Katy Perry & Big Sean)",Energy,0.745
"Feels (feat. Pharrell Williams, Katy Perry & Big Sean)",Energy,0.745
"Eastside (with Halsey & Khalid)",Energy,0.686
Shallow,Energy,0.385
"Lean On",Energy,0.809
"Can't Hold Us (feat. Ray Dalton)",Energy,0.927
"Enemy (with JID) - from the series Arcane League of Legends",Energy,0.783
"STAY (with Justin Bieber)",Energy,0.764
"Peaches (feat. Daniel Caesar & Giveon)",Energy,0.696
Shallow,Energy,0.385
"Can't Hold Us (feat. Ray Dalton)",Energy,0.927
"Lean On",Energy,0.809
Happier,Energy,0.792
Closer,Energy,0.524
"Eastside (with Halsey & Khalid)",Energy,0.686
"Something Just Like This",Energy,0.635
Closer,Energy,0.524
Unforgettable,Energy,0.75
"Lean On",Energy,0.809
"Peaches (feat. Daniel Caesar & Giveon)",Energy,0.696
"Roses - Imanbek Remix",Energy,0.719
Señorita,Energy,0.548
"Enemy (with JID) - from the series Arcane League of Legends",Energy,0.783
"Sunflower - Spider-Man: Into the Spider-Verse",Energy,0.522
Unforgettable,Energy,0.769
"Sunflower - Spider-Man: Into the Spider-Verse",Energy,0.522
"One Kiss (with Dua Lipa)",Energy,0.862
"Cold Heart - PNAU Remix",Energy,0.8
Happier,Energy,0.792
Señorita,Energy,0.548
"Enemy (with JID) - from the series Arcane League of Legends",Energy,0.783
"Roses - Imanbek Remix",Energy,0.719
"lovely (with Khalid)",Energy,0.296
happier,Energy,0.443
"STAY (with Justin Bieber)",Energy,0.764
"Peaches (feat. Daniel Caesar & Giveon)",Energy,0.696
"Enemy (with JID) - from the series Arcane League of Legends",Energy,0.783
"Something Just Like This",Valence,0.446
"Feels (feat. Pharrell Williams, Katy Perry & Big Sean)",Valence,0.872
"lovely (with Khalid)",Valence,0.12
"Eastside (with Halsey & Khalid)",Valence,0.329
"Cold Heart - PNAU Remix",Valence,0.934
"El Ultimo Adiós - Varios Artistas Version",Valence,0.285
"El Ultimo Adiós - Varios Artistas Version",Valence,0.285
"El Ultimo Adiós - Varios Artistas Version",Valence,0.285
"El Ultimo Adiós - Varios Artistas Version",Valence,0.285
"The Middle",Valence,0.437
Unforgettable,Valence,0.178
"El Ultimo Adiós - Varios Artistas Version",Valence,0.285
"El Ultimo Adiós - Varios Artistas Version",Valence,0.285
"El Ultimo Adiós - Varios Artistas Version",Valence,0.285
"El Ultimo Adiós - Varios Artistas Version",Valence,0.285
"El Ultimo Adiós - Varios Artistas Version",Valence,0.285
"El Ultimo Adiós - Varios Artistas Version",Valence,0.285
"El Ultimo Adiós - Varios Artistas Version",Valence,0.285
"El Ultimo Adiós - Varios Artistas Version",Valence,0.285
"El Ultimo Adiós - Varios Artistas Version",Valence,0.285
"El Ultimo Adiós - Varios Artistas Version",Valence,0.285
"El Ultimo Adiós - Varios Artistas Version",Valence,0.285
"El Ultimo Adiós - Varios Artistas Version",Valence,0.285
"El Ultimo Adiós - Varios Artistas Version",Valence,0.285
Closer,Valence,0.541
"El Ultimo Adiós - Varios Artistas Version",Valence,0.285
"El Ultimo Adiós - Varios Artistas Version",Valence,0.285
"El Ultimo Adiós - Varios Artistas Version",Valence,0.285
"El Ultimo Adiós - Varios Artistas Version",Valence,0.285
Unforgettable,Valence,0.142
"El Ultimo Adiós - Varios Artistas Version",Valence,0.285
"El Ultimo Adiós - Varios Artistas Version",Valence,0.285
"The Middle",Valence,0.903
"El Ultimo Adiós - Varios Artistas Version",Valence,0.285
"Cold Heart - PNAU Remix",Valence,0.934
"The Middle",Valence,0.437
Closer,Valence,0.235
"The Middle",Valence,0.437
"Can't Hold Us (feat. Ray Dalton)",Valence,0.88
Closer,Valence,0.588
Happier,Valence,0.236
"One Kiss (with Dua Lipa)",Valence,0.592
"Feels (feat. Pharrell Williams, Katy Perry & Big Sean)",Valence,0.872
Unforgettable,Valence,0.733
"Feels (feat. Pharrell Williams, Katy Perry & Big Sean)",Valence,0.872
"Feels (feat. Pharrell Williams, Katy Perry & Big Sean)",Valence,0.872
"Eastside (with Halsey & Khalid)",Valence,0.329
Shallow,Valence,0.323
"Lean On",Valence,0.274
"Can't Hold Us (feat. Ray Dalton)",Valence,0.88
"Enemy (with JID) - from the series Arcane League of Legends",Valence,0.555
"STAY (with Justin Bieber)",Valence,0.478
"Peaches (feat. Daniel Caesar & Giveon)",Valence,0.464
Shallow,Valence,0.323
"Can't Hold Us (feat. Ray Dalton)",Valence,0.88
"Lean On",Valence,0.274
Happier,Valence,0.671
Closer,Valence,0.661
"Eastside (with Halsey & Khalid)",Valence,0.329
"Something Just Like This",Valence,0.446
Closer,Valence,0.661
Unforgettable,Valence,0.828
"Lean On",Valence,0.274
"Peaches (feat. Daniel Caesar & Giveon)",Valence,0.464
"Roses - Imanbek Remix",Valence,0.863
Señorita,Valence,0.749
"Enemy (with JID) - from the series Arcane League of Legends",Valence,0.555
"Sunflower - Spider-Man: Into the Spider-Verse",Valence,0.925
Unforgettable,Valence,0.733
"Sunflower - Spider-Man: Into the Spider-Verse",Valence,0.925
"One Kiss (with Dua Lipa)",Valence,0.592
"Cold Heart - PNAU Remix",Valence,0.934
Happier,Valence,0.671
Señorita,Valence,0.749
"Enemy (with JID) - from the series Arcane League of Legends",Valence,0.555
"Roses - Imanbek Remix",Valence,0.863
"lovely (with Khalid)",Valence,0.12
happier,Valence,0.338
"STAY (with Justin Bieber)",Valence,0.478
"Peaches (feat. Daniel Caesar & Giveon)",Valence,0.464
"Enemy (with JID) - from the series Arcane League of Legends",Valence,0.555
"Something Just Like This",Acousticness,0.0498
"Feels (feat. Pharrell Williams, Katy Perry & Big Sean)",Acousticness,0.0642
"lovely (with Khalid)",Acousticness,0.934
"Eastside (with Halsey & Khalid)",Acousticness,0.549
"Cold Heart - PNAU Remix",Acousticness,0.0354
"El Ultimo Adiós - Varios Artistas Version",Acousticness,0.641
"El Ultimo Adiós - Varios Artistas Version",Acousticness,0.641
"El Ultimo Adiós - Varios Artistas Version",Acousticness,0.641
"El Ultimo Adiós - Varios Artistas Version",Acousticness,0.641
"The Middle",Acousticness,0.171
Unforgettable,Acousticness,0.92
"El Ultimo Adiós - Varios Artistas Version",Acousticness,0.641
"El Ultimo Adiós - Varios Artistas Version",Acousticness,0.641
"El Ultimo Adiós - Varios Artistas Version",Acousticness,0.641
"El Ultimo Adiós - Varios Artistas Version",Acousticness,0.641
"El Ultimo Adiós - Varios Artistas Version",Acousticness,0.641
"El Ultimo Adiós - Varios Artistas Version",Acousticness,0.641
"El Ultimo Adiós - Varios Artistas Version",Acousticness,0.641
"El Ultimo Adiós - Varios Artistas Version",Acousticness,0.641
"El Ultimo Adiós - Varios Artistas Version",Acousticness,0.641
"El Ultimo Adiós - Varios Artistas Version",Acousticness,0.641
"El Ultimo Adiós - Varios Artistas Version",Acousticness,0.641
"El Ultimo Adiós - Varios Artistas Version",Acousticness,0.641
"El Ultimo Adiós - Varios Artistas Version",Acousticness,0.641
Closer,Acousticness,0.000242
"El Ultimo Adiós - Varios Artistas Version",Acousticness,0.641
"El Ultimo Adiós - Varios Artistas Version",Acousticness,0.641
"El Ultimo Adiós - Varios Artistas Version",Acousticness,0.641
"El Ultimo Adiós - Varios Artistas Version",Acousticness,0.641
Unforgettable,Acousticness,0.85
"El Ultimo Adiós - Varios Artistas Version",Acousticness,0.641
"El Ultimo Adiós - Varios Artistas Version",Acousticness,0.641
"The Middle",Acousticness,0.0371
"El Ultimo Adiós - Varios Artistas Version",Acousticness,0.641
"Cold Heart - PNAU Remix",Acousticness,0.0354
"The Middle",Acousticness,0.171
Closer,Acousticness,0.469
"The Middle",Acousticness,0.171
"Can't Hold Us (feat. Ray Dalton)",Acousticness,0.0267
Closer,Acousticness,0.028
Happier,Acousticness,0.536
"One Kiss (with Dua Lipa)",Acousticness,0.037
"Feels (feat. Pharrell Williams, Katy Perry & Big Sean)",Acousticness,0.0642
Unforgettable,Acousticness,0.0293
"Feels (feat. Pharrell Williams, Katy Perry & Big Sean)",Acousticness,0.0642
"Feels (feat. Pharrell Williams, Katy Perry & Big Sean)",Acousticness,0.0642
"Eastside (with Halsey & Khalid)",Acousticness,0.549
Shallow,Acousticness,0.371
"Lean On",Acousticness,0.00346
"Can't Hold Us (feat. Ray Dalton)",Acousticness,0.0267
"Enemy (with JID) - from the series Arcane League of Legends",Acousticness,0.237
"STAY (with Justin Bieber)",Acousticness,0.0383
"Peaches (feat. Daniel Caesar & Giveon)",Acousticness,0.321
Shallow,Acousticness,0.371
"Can't Hold Us (feat. Ray Dalton)",Acousticness,0.0267
"Lean On",Acousticness,0.00346
Happier,Acousticness,0.191
Closer,Acousticness,0.414
"Eastside (with Halsey & Khalid)",Acousticness,0.549
"Something Just Like This",Acousticness,0.0498
Closer,Acousticness,0.414
Unforgettable,Acousticness,0.0303
"Lean On",Acousticness,0.00346
"Peaches (feat. Daniel Caesar & Giveon)",Acousticness,0.321
"Roses - Imanbek Remix",Acousticness,0.0143
Señorita,Acousticness,0.0392
"Enemy (with JID) - from the series Arcane League of Legends",Acousticness,0.237
"Sunflower - Spider-Man: Into the Spider-Verse",Acousticness,0.533
Unforgettable,Acousticness,0.0293
"Sunflower - Spider-Man: Into the Spider-Verse",Acousticness,0.533
"One Kiss (with Dua Lipa)",Acousticness,0.037
"Cold Heart - PNAU Remix",Acousticness,0.0354
Happier,Acousticness,0.191
Señorita,Acousticness,0.0392
"Enemy (with JID) - from the series Arcane League of Legends",Acousticness,0.237
"Roses - Imanbek Remix",Acousticness,0.0143
"lovely (with Khalid)",Acousticness,0.934
happier,Acousticness,0.765
"STAY (with Justin Bieber)",Acousticness,0.0383
"Peaches (feat. Daniel Caesar & Giveon)",Acousticness,0.321
"Enemy (with JID) - from the series Arcane League of Legends",Acousticness,0.237
"Something Just Like This",Speechiness,0.0317
"Feels (feat. Pharrell Williams, Katy Perry & Big Sean)",Speechiness,0.0571
"lovely (with Khalid)",Speechiness,0.0333
"Eastside (with Halsey & Khalid)",Speechiness,0.243
"Cold Heart - PNAU Remix",Speechiness,0.0309
"El Ultimo Adiós - Varios Artistas Version",Speechiness,0.0377
"El Ultimo Adiós - Varios Artistas Version",Speechiness,0.0377
"El Ultimo Adiós - Varios Artistas Version",Speechiness,0.0377
"El Ultimo Adiós - Varios Artistas Version",Speechiness,0.0377
"The Middle",Speechiness,0.0449
Unforgettable,Speechiness,0.031
"El Ultimo Adiós - Varios Artistas Version",Speechiness,0.0377
"El Ultimo Adiós - Varios Artistas Version",Speechiness,0.0377
"El Ultimo Adiós - Varios Artistas Version",Speechiness,0.0377
"El Ultimo Adiós - Varios Artistas Version",Speechiness,0.0377
"El Ultimo Adiós - Varios Artistas Version",Speechiness,0.0377
"El Ultimo Adiós - Varios Artistas Version",Speechiness,0.0377
"El Ultimo Adiós - Varios Artistas Version",Speechiness,0.0377
"El Ultimo Adiós - Varios Artistas Version",Speechiness,0.0377
"El Ultimo Adiós - Varios Artistas Version",Speechiness,0.0377
"El Ultimo Adiós - Varios Artistas Version",Speechiness,0.0377
"El Ultimo Adiós - Varios Artistas Version",Speechiness,0.0377
"El Ultimo Adiós - Varios Artistas Version",Speechiness,0.0377
"El Ultimo Adiós - Varios Artistas Version",Speechiness,0.0377
Closer,Speechiness,0.044
"El Ultimo Adiós - Varios Artistas Version",Speechiness,0.0377
"El Ultimo Adiós - Varios Artistas Version",Speechiness,0.0377
"El Ultimo Adiós - Varios Artistas Version",Speechiness,0.0377
"El Ultimo Adiós - Varios Artistas Version",Speechiness,0.0377
Unforgettable,Speechiness,0.028
"El Ultimo Adiós - Varios Artistas Version",Speechiness,0.0377
"El Ultimo Adiós - Varios Artistas Version",Speechiness,0.0377
"The Middle",Speechiness,0.0526
"El Ultimo Adiós - Varios Artistas Version",Speechiness,0.0377
"Cold Heart - PNAU Remix",Speechiness,0.0309
"The Middle",Speechiness,0.0449
Closer,Speechiness,0.0392
"The Middle",Speechiness,0.0449
"Can't Hold Us (feat. Ray Dalton)",Speechiness,0.0839
Closer,Speechiness,0.0766
Happier,Speechiness,0.0288
"One Kiss (with Dua Lipa)",Speechiness,0.11
"Feels (feat. Pharrell Williams, Katy Perry & Big Sean)",Speechiness,0.0571
Unforgettable,Speechiness,0.123
"Feels (feat. Pharrell Williams, Katy Perry & Big Sean)",Speechiness,0.0571
"Feels (feat. Pharrell Williams, Katy Perry & Big Sean)",Speechiness,0.0571
"Eastside (with Halsey & Khalid)",Speechiness,0.243
Shallow,Speechiness,0.0308
"Lean On",Speechiness,0.0625
"Can't Hold Us (feat. Ray Dalton)",Speechiness,0.0839
"Enemy (with JID) - from the series Arcane League of Legends",Speechiness,0.266
"STAY (with Justin Bieber)",Speechiness,0.0483
"Peaches (feat. Daniel Caesar & Giveon)",Speechiness,0.119
Shallow,Speechiness,0.0308
"Can't Hold Us (feat. Ray Dalton)",Speechiness,0.0839
"Lean On",Speechiness,0.0625
Happier,Speechiness,0.0452
Closer,Speechiness,0.0338
"Eastside (with Halsey & Khalid)",Speechiness,0.243
"Something Just Like This",Speechiness,0.0317
Closer,Speechiness,0.0338
Unforgettable,Speechiness,0.0314
"Lean On",Speechiness,0.0625
"Peaches (feat. Daniel Caesar & Giveon)",Speechiness,0.119
"Roses - Imanbek Remix",Speechiness,0.0474
Señorita,Speechiness,0.029
"Enemy (with JID) - from the series Arcane League of Legends",Speechiness,0.266
"Sunflower - Spider-Man: Into the Spider-Verse",Speechiness,0.0575
Unforgettable,Speechiness,0.123
"Sunflower - Spider-Man: Into the Spider-Verse",Speechiness,0.0575
"One Kiss (with Dua Lipa)",Speechiness,0.11
"Cold Heart - PNAU Remix",Speechiness,0.0309
Happier,Speechiness,0.0452
Señorita,Speechiness,0.029
"Enemy (with JID) - from the series Arcane League of Legends",Speechiness,0.266
"Roses - Imanbek Remix",Speechiness,0.0474
"lovely (with Khalid)",Speechiness,0.0333
happier,Speechiness,0.133
"STAY (with Justin Bieber)",Speechiness,0.0483
"Peaches (feat. Daniel Caesar & Giveon)",Speechiness,0.119
"Enemy (with JID) - from the series Arcane League of Legends",Speechiness,0.266
"Something Just Like This",Instrumentalness,0.0000144
"Feels (feat. Pharrell Williams, Katy Perry & Big Sean)",Instrumentalness,0
"lovely (with Khalid)",Instrumentalness,0
"Eastside (with Halsey & Khalid)",Instrumentalness,0
"Cold Heart - PNAU Remix",Instrumentalness,0.0000725
"El Ultimo Adiós - Varios Artistas Version",Instrumentalness,0
"El Ultimo Adiós - Varios Artistas Version",Instrumentalness,0
"El Ultimo Adiós - Varios Artistas Version",Instrumentalness,0
"El Ultimo Adiós - Varios Artistas Version",Instrumentalness,0
"The Middle",Instrumentalness,0
Unforgettable,Instrumentalness,0.0152
"El Ultimo Adiós - Varios Artistas Version",Instrumentalness,0
"El Ultimo Adiós - Varios Artistas Version",Instrumentalness,0
"El Ultimo Adiós - Varios Artistas Version",Instrumentalness,0
"El Ultimo Adiós - Varios Artistas Version",Instrumentalness,0
"El Ultimo Adiós - Varios Artistas Version",Instrumentalness,0
"El Ultimo Adiós - Varios Artistas Version",Instrumentalness,0
"El Ultimo Adiós - Varios Artistas Version",Instrumentalness,0
"El Ultimo Adiós - Varios Artistas Version",Instrumentalness,0
"El Ultimo Adiós - Varios Artistas Version",Instrumentalness,0
"El Ultimo Adiós - Varios Artistas Version",Instrumentalness,0
"El Ultimo Adiós - Varios Artistas Version",Instrumentalness,0
"El Ultimo Adiós - Varios Artistas Version",Instrumentalness,0
"El Ultimo Adiós - Varios Artistas Version",Instrumentalness,0
Closer,Instrumentalness,0.636
"El Ultimo Adiós - Varios Artistas Version",Instrumentalness,0
"El Ultimo Adiós - Varios Artistas Version",Instrumentalness,0
"El Ultimo Adiós - Varios Artistas Version",Instrumentalness,0
"El Ultimo Adiós - Varios Artistas Version",Instrumentalness,0
Unforgettable,Instrumentalness,0.000138
"El Ultimo Adiós - Varios Artistas Version",Instrumentalness,0
"El Ultimo Adiós - Varios Artistas Version",Instrumentalness,0
"The Middle",Instrumentalness,0
"El Ultimo Adiós - Varios Artistas Version",Instrumentalness,0
"Cold Heart - PNAU Remix",Instrumentalness,0.0000725
"The Middle",Instrumentalness,0
Closer,Instrumentalness,0.0000202
"The Middle",Instrumentalness,0
"Can't Hold Us (feat. Ray Dalton)",Instrumentalness,0
Closer,Instrumentalness,0.0000296
Happier,Instrumentalness,0
"One Kiss (with Dua Lipa)",Instrumentalness,0.0000219
"Feels (feat. Pharrell Williams, Katy Perry & Big Sean)",Instrumentalness,0
Unforgettable,Instrumentalness,0.0101
"Feels (feat. Pharrell Williams, Katy Perry & Big Sean)",Instrumentalness,0
"Feels (feat. Pharrell Williams, Katy Perry & Big Sean)",Instrumentalness,0
"Eastside (with Halsey & Khalid)",Instrumentalness,0
Shallow,Instrumentalness,0
"Lean On",Instrumentalness,0.00123
"Can't Hold Us (feat. Ray Dalton)",Instrumentalness,0
"Enemy (with JID) - from the series Arcane League of Legends",Instrumentalness,0
"STAY (with Justin Bieber)",Instrumentalness,0
"Peaches (feat. Daniel Caesar & Giveon)",Instrumentalness,0
Shallow,Instrumentalness,0
"Can't Hold Us (feat. Ray Dalton)",Instrumentalness,0
"Lean On",Instrumentalness,0.00123
Happier,Instrumentalness,0
Closer,Instrumentalness,0
"Eastside (with Halsey & Khalid)",Instrumentalness,0
"Something Just Like This",Instrumentalness,0.0000144
Closer,Instrumentalness,0
Unforgettable,Instrumentalness,0.000132
"Lean On",Instrumentalness,0.00123
"Peaches (feat. Daniel Caesar & Giveon)",Instrumentalness,0
"Roses - Imanbek Remix",Instrumentalness,0.00777
Señorita,Instrumentalness,0
"Enemy (with JID) - from the series Arcane League of Legends",Instrumentalness,0
"Sunflower - Spider-Man: Into the Spider-Verse",Instrumentalness,0
Unforgettable,Instrumentalness,0.0101
"Sunflower - Spider-Man: Into the Spider-Verse",Instrumentalness,0
"One Kiss (with Dua Lipa)",Instrumentalness,0.0000219
"Cold Heart - PNAU Remix",Instrumentalness,0.0000725
Happier,Instrumentalness,0
Señorita,Instrumentalness,0
"Enemy (with JID) - from the series Arcane League of Legends",Instrumentalness,0
"Roses - Imanbek Remix",Instrumentalness,0.00777
"lovely (with Khalid)",Instrumentalness,0
happier,Instrumentalness,0.00000967
"STAY (with Justin Bieber)",Instrumentalness,0
"Peaches (feat. Daniel Caesar & Giveon)",Instrumentalness,0
"Enemy (with JID) - from the series Arcane League of Legends",Instrumentalness,0
"Something Just Like This",Liveness,0.164
"Feels (feat. Pharrell Williams, Katy Perry & Big Sean)",Liveness,0.0943
"lovely (with Khalid)",Liveness,0.095
"Eastside (with Halsey & Khalid)",Liveness,0.2
"Cold Heart - PNAU Remix",Liveness,0.0915
"El Ultimo Adiós - Varios Artistas Version",Liveness,0.2
"El Ultimo Adiós - Varios Artistas Version",Liveness,0.2
"El Ultimo Adiós - Varios Artistas Version",Liveness,0.2
"El Ultimo Adiós - Varios Artistas Version",Liveness,0.2
"The Middle",Liveness,0.112
Unforgettable,Liveness,0.143
"El Ultimo Adiós - Varios Artistas Version",Liveness,0.2
"El Ultimo Adiós - Varios Artistas Version",Liveness,0.2
"El Ultimo Adiós - Varios Artistas Version",Liveness,0.2
"El Ultimo Adiós - Varios Artistas Version",Liveness,0.2
"El Ultimo Adiós - Varios Artistas Version",Liveness,0.2
"El Ultimo Adiós - Varios Artistas Version",Liveness,0.2
"El Ultimo Adiós - Varios Artistas Version",Liveness,0.2
"El Ultimo Adiós - Varios Artistas Version",Liveness,0.2
"El Ultimo Adiós - Varios Artistas Version",Liveness,0.2
"El Ultimo Adiós - Varios Artistas Version",Liveness,0.2
"El Ultimo Adiós - Varios Artistas Version",Liveness,0.2
"El Ultimo Adiós - Varios Artistas Version",Liveness,0.2
"El Ultimo Adiós - Varios Artistas Version",Liveness,0.2
Closer,Liveness,0.122
"El Ultimo Adiós - Varios Artistas Version",Liveness,0.2
"El Ultimo Adiós - Varios Artistas Version",Liveness,0.2
"El Ultimo Adiós - Varios Artistas Version",Liveness,0.2
"El Ultimo Adiós - Varios Artistas Version",Liveness,0.2
Unforgettable,Liveness,0.0798
"El Ultimo Adiós - Varios Artistas Version",Liveness,0.2
"El Ultimo Adiós - Varios Artistas Version",Liveness,0.2
"The Middle",Liveness,0.058
"El Ultimo Adiós - Varios Artistas Version",Liveness,0.2
"Cold Heart - PNAU Remix",Liveness,0.0915
"The Middle",Liveness,0.112
Closer,Liveness,0.106
"The Middle",Liveness,0.112
"Can't Hold Us (feat. Ray Dalton)",Liveness,0.0986
Closer,Liveness,0.152
Happier,Liveness,0.135
"One Kiss (with Dua Lipa)",Liveness,0.0814
"Feels (feat. Pharrell Williams, Katy Perry & Big Sean)",Liveness,0.0943
Unforgettable,Liveness,0.104
"Feels (feat. Pharrell Williams, Katy Perry & Big Sean)",Liveness,0.0943
"Feels (feat. Pharrell Williams, Katy Perry & Big Sean)",Liveness,0.0943
"Eastside (with Halsey & Khalid)",Liveness,0.2
Shallow,Liveness,0.231
"Lean On",Liveness,0.565
"Can't Hold Us (feat. Ray Dalton)",Liveness,0.0986
"Enemy (with JID) - from the series Arcane League of Legends",Liveness,0.434
"STAY (with Justin Bieber)",Liveness,0.103
"Peaches (feat. Daniel Caesar & Giveon)",Liveness,0.42
Shallow,Liveness,0.231
"Can't Hold Us (feat. Ray Dalton)",Liveness,0.0986
"Lean On",Liveness,0.565
Happier,Liveness,0.167
Closer,Liveness,0.111
"Eastside (with Halsey & Khalid)",Liveness,0.2
"Something Just Like This",Liveness,0.164
Closer,Liveness,0.111
Unforgettable,Liveness,0.0849
"Lean On",Liveness,0.565
"Peaches (feat. Daniel Caesar & Giveon)",Liveness,0.42
"Roses - Imanbek Remix",Liveness,0.359
Señorita,Liveness,0.0828
"Enemy (with JID) - from the series Arcane League of Legends",Liveness,0.434
"Sunflower - Spider-Man: Into the Spider-Verse",Liveness,0.0685
Unforgettable,Liveness,0.104
"Sunflower - Spider-Man: Into the Spider-Verse",Liveness,0.0685
"One Kiss (with Dua Lipa)",Liveness,0.0814
"Cold Heart - PNAU Remix",Liveness,0.0915
Happier,Liveness,0.167
Señorita,Liveness,0.0828
"Enemy (with JID) - from the series Arcane League of Legends",Liveness,0.434
"Roses - Imanbek Remix",Liveness,0.359
"lovely (with Khalid)",Liveness,0.095
happier,Liveness,0.0839
"STAY (with Justin Bieber)",Liveness,0.103
"Peaches (feat. Daniel Caesar & Giveon)",Liveness,0.42
"Enemy (with JID) - from the series Arcane League of Legends",Liveness,0.434
